Workbook

Sheet الملخص
B2: مصفوفة حملة التفاوض الافتتاحية — جميع أطراف سلسلة التوريد
B3: الأساس: PMRF v1.4 (مقبول) + كتالوج موحد 1,112 سجل — كل الأسعار إعلانية موثقة بانتظار التحقق بالمعاملة (G-7)
B4: القيمة | C4: المؤشر | D4: التفصيل
B5: 8 | C5: أطراف تفاوض فعليون (بعد إزالة التكرار البنيوي) | D5: المستبعدون: stackvault (واجهة المنصة نفسها) · AIXpress (خامل) · Acczone (مفتاح مبتور) · Evo_Era/Pixora/NevaAI (بلا قناة تواصل)
B6: 4 | C6: موجات متدرجة (W0 تجهيز ← W3 تعاقد منبع) | D6: لا فتح متزامن مع الجميع — التدرج يحمي أوراق الضغط ويمنع تسريب موقفك بين الأطراف المتشابكة
B7: 5 | C7: طرق تفاوض متعددة لكل طرف حسب قناته الموثقة | D7: رسالة مالك · تذاكر API · استعلام حجمي · شراء اختباري G-7 · شراكة تشغيلية — تصاعد تدريجي بالكلفة والالتزام
B8: 30 | C8: سيناريو متوقع ومدروس مع رد جاهز وعتبة انسحاب | D8: ورقة السيناريوهات — العمود الفقري التشغيلي؛ الاحتمالات مبنية على السلوك الموثق لكل طرف
B9: ≤ $300 | C9: سقف ميزانية الافتتاح المقترح (سلّم إيداعات مجزأ) | D9: كل إيداع خلف بوابة موافقة المستخدم (بوابة G-7 للتحقق بالمعاملة)
B10: 11 | C10: ورقة ضغط سعرية موثقة بالأرقام المرجعية | D10: أرخص سعر موثق لكل عائلة = نقطة ارتكاز الطلب التفاوضي
B12: الموجة والتوقيت | C12: الأطراف | D12: الإجراء الأساسي | E12: بوابة القرار
B13: W0 التجهيز — اليوم 0 | C13: — (قرارات داخلية) | D13: تثبيت التموضع التجاري والهوية + سلّم الميزانية + فحص بوت AISUBSID بعد الهجرة (G-6) | E13: قرار المستخدم
B14: W1 القنوات الموثقة — يوم 1–3 | C14: RichAI · DigitalCore · canboso · AIVerseX | D14: استعلامات حجمية عبر الحسابات القائمة (بلا إيداع): تذاكر + جداول تدرجات | E14: موافقة قبل أي إيداع
B15: W2 الجائزة الاستراتيجية — يوم 3–7 | C15: ProdSeller / SookBit | D15: تواصل مباشر (عربي/فرنسي) مسلّح بجداول أسعار W1 كورقة ضغط + طلب الجدول المخفي | E15: موافقة على النص + الهوية
B16: W3 التعاقد المنبع — أسبوع 2+ | C16: teamsoclo · AISUBSID · aivaulthub + جولة ثانية | D16: حساب موزع مباشر على بوابة AI + جملة Plus + وكالة Gemini | E16: ميزانية الجملة
B18: قاعدة حاكمة: كل الأسعار في هذه المصفوفة إعلانية مرصودة (رصد سلبي/قراءة API) ولم تُتحقق بمعاملة بعد — لا يُبنى عليها التزام مالي نهائي قبل تنفيذ G-7.

Sheet أطراف_التفاوض
B2: دليل أطراف التفاوض — بعد إزالة التكرار البنيوي
B3: الطبقة A منصات جملة · B مصانع/بوابات منبع · C لوحات وكالة رسمية · D متاجر متخصصة — القنوات موثقة حيًا 30/09–02/10
B4: الطرف | C4: الطبقة | D4: الدور في الشبكة | E4: قنوات الاتصال الموثقة | F4: اللغة | G4: ما لدينا | H4: الموجة | I4: الهدف التفاوضي | J4: عتبة الانسحاب
B5: ProdSeller / SookBit | C5: A | D5: منصة الجملة الأم (prodseller.com) — باكند StackVault كامل على صندوقها (إثبات vhost) | E5: t.me/sookbit (الأدمن، ID 5574095571) · واتساب +33 7 53 43 44 42 · t.me/ProdsellerSupport · بوت @ProdSellerBot · قناة @ProdSellerOfficial | F5: عربي / فرنسي / إنجليزي | G5: مفتاح psk_ (حساب API قائم) | H5: W2 | I5: جدول أسعار API/الجملة المخفي كاملًا + تدرج حجم فوق المعلن + سياسة استبدال مكتوبة | J5: رفض الجدول المكتوب مع اشتراط إيداع بلا شروط = تجميد التعامل
B6: canboso / HitMeow (PremiKey) | C6: A | D6: منصة شقيقة من الحوض الكتالوجي VN — 349 منتجًا · Binance Pay · usdRate 25,945 VND | E6: t.me/HitmeowSupport (الدعم) · t.me/vahnix (المالك — تفاوض الجملة) · بوتا t.me/PremikeyBot وt.me/Premikey_Bot · قناة @HitMeowShop | F6: إنجليزي (بوت EN رسمي) | G6: مفتاح tgb_ (رصيد 0) | H6: W1 | I6: جدول تدرجات الكمية + سياسة الاستبدال والضمان + تسوية Binance Pay | J6: لا ضمان استبدال إطلاقًا = اقتصار التعامل على عائلة Deepseek (الأرخص 1.6–1.7×)
B7: Team Sóc Lọ (teamsoclo) | C7: B | D7: المصنع/البوابة المنبع (لوحة New API) — 15 موديل AI · 85 وصف منتج StackVault يحمل روابطها | E7: قناة t.me/teamsoclo (إعلانات تشغيلية للموزعين) · gpt.teamsoclo.site (البوابة واللوحة) · docs.teamsoclo.site | F7: فيتنامي (يلزم مترجم) | G7: لا مفتاح — برنامج Reseller معلن | H7: W3 | I7: حساب موزع مباشر يقطع هامش الوسيط 15–25% على عائلات رصيد AI الأغلى (23 منتجًا) | J7: سعر البوابة أعلى من سعر الوسيط المُعاد بيعه (بعد التحقق من تكافؤ الموديلات) = بقاء على ProdSeller
B8: DigitalCore | C8: B | D8: مورد جملة VN بتوثيق API كامل — 11 منتجًا · تدرجات كمية منشورة | E8: بوت t.me/DCoreStoreBot · قناة التوريد t.me/DGTsupply · digitalcore.top/docs (swagger عام) | F8: إنجليزي | G8: مفتاح UUID (رصيد 0) | H8: W1 | I8: تدرج كمية فوق المنشور عند 100+ وحدة + اختبار شراء أول موثق | J8: أسعار أعلى من قاع السوق الموثق للعائلة نفسها (Gemini: 0.70–0.80 لديهم مقابل 0.39–0.50 بالسوق)
B9: RichAIStore (cgpt-active.pro) | C9: C | D9: لوحة وكالة API كاملة v1.0.0 — 12 نقطة نهاية + دورة تذاكر موثقة | E9: بوت t.me/RichAIStoreBot · نظام التذاكر عبر API (مسار موثق) · صفحة تكامل AI-Agent عامة | F9: إنجليزي | G9: مفتاح rsk_ (Bearer) | H9: W1 | I9: تحسين your_unit_price عند الحجم لعائلة CDK (Google 5TB) + أثر ورقي عبر التذاكر | J9: تجاهل تذكرتين متتاليتين (فاصل 72 ساعة) = خفض الأولوية
B10: aivaulthub reseller (@Gemini_Shop_Robot) | C10: C | D10: لوحة الوكالة الرسمية لمنصة aivaulthub — عائلة Gemini | E10: بوت t.me/Gemini_Shop_Robot · reseller.aivaulthub.store/api/v1/docs | F10: إنجليزي / عربي | G10: مفتاح rsk_ (X-API-Key) | H10: W3 | I10: جدول أسعار الوكالة لعائلة Gemini (بداية: Gemini Pro 18M) | J10: سعر وكالة أعلى من فلاش AIVerseX الموثق ($0.39) = يبقى AIVerseX المصدر
B11: AIVerseX (AiVerseX Hub) | C11: D | D11: أكبر قناة بين الموردين (22,937 مشتركًا) — Gemini وOffice وAdobe · مخزون Gemini معلن 3,804 | E11: بوت t.me/AIVerseXBot · قناة t.me/AiVerseXHub (كل الفلاشات تعلن فيها أولًا) | F11: إنجليزي | G11: مفتاح AK_ (35 منتجًا) | H11: W1 | I11: تثبيت سعر جملة 30 يومًا عند حجم أسبوعي معلن (فلاشه 0.39 = تكلفة SV الحالية) | J11: رفض التثبيت مع الاكتفاء بالفلاشات = شراء انتهازي فقط بلا تعاقد
B12: AISUBSID (AISUBS.ID) | C12: D | D12: أرخص مصنع Plus موثق في السوق كله (إندونيسي) — جملة 10–50 بـ$2.50 | E12: بوت t.me/Aisubsglobalbot · قناة t.me/AISUBSID · المالك t.me/AisubsIDFounder | F12: إنجليزي | G12: لا مفتاح — بوت عام | H12: W0 فحص ثم W3 | I12: تسعيرة جملة Plus (المرصود 2.50–2.90) + إفصاح طريقة التوريد VIP مقابل UPI (G-8) + حالة ما بعد الهجرة (G-6) | J12: البوت ميت بعد الهجرة أو سعر فردي أعلى من 3.10 = LOW_PRIORITY وإعادة فحص أسبوعي
B14: الكيان المستبعد | C14: سبب الاستبعاد الموثق
B15: StackVault (المتجر نفسه) | C15: ليس موردًا: باكنده يعمل على صندوق منصة ProdSeller نفسه (إثبات vhost بتاريخ 02/10) — التفاوض معه = التفاوض مع واجهة سوكبيت بأسعار تجزئة. علاقة المستخدم به UNRESOLVED في PMRF §22 — لا يُسأل عنه أي طرف
B16: AIXpress | C16: خامل: كتالوج منتجان فقط وكلاهما stock=0 — والمفتاح المجدد يعمل على نشر aixpress.shop الفارغ (وثائق البوت متقادمة)
B17: Acczone | C17: المفتاح المسلّم مبتور (حُذف جزء منه في جلسة سابقة) — 4 منتجات فقط بالكتالوج المؤرشف؛ يحتاج إعادة إرسال المفتاح إن رُغب
B18: Evo_Era / Pixora / NevaAI | C18: بلا مفاتيح أو مسارات تواصل موثقة بعد — تُرصد سلبيًا وتُضاف عند توفر قناة
B20: مصدر القنوات: بطاقات الموردين (رصد حي 30/09) + تقارير G1a-R1/R3/R4 (02/10) — كلها فحص سلبي عام GET فقط.

Sheet السيناريوهات
B2: مصفوفة السيناريوهات المتوقعة والمدروسة
B3: لكل سيناريو: الاحتمال المقدر · الرد المدروس الجاهز · خط الانسحاب — التقديرات مبنية على سلوك موثق لا على تخمين
B4: الطرف | C4: الرمز | D4: السيناريو المتوقع | E4: الاحتمال | F4: الرد المدروس | G4: خط الانسحاب / الحد
B5: ProdSeller/SookBit | C5: S-A1 | D5: يرحّب ويرسل قائمة أسعار API المعيارية (سلوك معلن: لمستخدمي API أسعار خاصة) | E5: 0.45 | F5: اطلب الجدول المكتوب كاملًا، واربطه بالفجوات الموثقة: K12 بـ$3.80 معلن بالقناة (SV يدفع 4.62) · Office جملة $0.17 معلن (SV يدفع 0.21) — مطالبة مباشرة بمطابقة المعلن | G5: الحد: لا تقبل سعرًا أعلى من تكلفة StackVault الموثقة للعائلة نفسها إلا بميزة موثقة مكتوبة
B6: ProdSeller/SookBit | C6: S-A2 | D6: يسأل: من أنت؟ كيف وصلت لنا؟ | E6: 0.25 | F6: غطاء جاهز وصادق جزئيًا: عميل API حالي عبر بوت ProdSellerBot + متابع للقناة الرسمية — لا شيء آخر يُذكر | G6: خط أحمر: يُمنع ذكر stackvault أو البنية التحتية أو أي تحليل — كشفها يُفسَّر كتطفل ويحرق العلاقة
B7: ProdSeller/SookBit | C7: S-A3 | D7: يعرض متجرًا جاهزًا على منصته (نموذج stackvault: واجهة + باكند مستضاف) | E7: 0.15 | F7: قيّم العرض كخيار تسريع: اسأل عن التكلفة الشهرية · ملكية بيانات العملاء · قابلية التصدير · الاستقلالية التقنية. لا ترفض فورًا ولا تلتزم | G7: شرط أقصى: لا يقيم باكندك على صندوقه إلا بتصدير كامل للبيانات وإمكانية خروج موثقة
B8: ProdSeller/SookBit | C8: S-A4 | D8: اشحن رصيدًا أولًا ثم نتفاوض | E8: 0.1 | F8: بوابة G-7: إيداع صغير موثق ($30–50) بشرط إيصال/فاتورة — الإيصال نفسه يكشف سكة الدفع وربما الاسم القانوني (يغلق G-1a قانونيًا) | G8: رفض أي إيصال = إيقاف عند حد الاختبار المصغّر
B9: ProdSeller/SookBit | C9: S-A5 | D9: تجاهل أو بطء (مشغّل فردي يدير منصة كاملة بساعات عمل CEST) | E9: 0.05 | F9: متابعة بفاصل 72 ساعة على تيليجرام؛ واتساب الطوارئ (+33 الموسوم «للطوارئ فقط») بعد أسبوع بلا رد على طلب قائم | G9: صمت أسبوعين = خفض الأولوية والاكتفاء بقنوات W1/W3
B10: canboso/HitMeow | C10: S-B1 | D10: الأسعار كما بالبوت — اشحن عبر Binance Pay ثم اشترِ | E10: 0.5 | F10: الحساب قائم أصلًا (مفتاح tgb_ مرتبط بحساب المستخدم): اطلب جدول تدرجات الكمية قبل الشحن، مستشهدًا بنموذج DigitalCore المنشور (تدرجات 3–4 شرائح) كمعيار سوقي | G10: لا تدرجات إطلاقًا = تعامل تجزئة فقط بعائلة Deepseek (الأرخص 1.6–1.7× موثقًا)
B11: canboso/HitMeow | C11: S-B2 | D11: طلب تحقق من هوية تيليجرام قبل التفاعل | E11: 0.2 | F11: استخدم الحساب ذاته المرتبط بالمفتاح أصلًا (7334478984/A7MED) — الاتساق موثق لديهم عبر نقطة /me | G11: طلب توثيق KYC رسمي (هوية/جواز) = انسحاب فوري (سياسة مشتريات ثابتة)
B12: canboso/HitMeow | C12: S-B3 | D12: سعر حالي أعلى من لقطة API بتاريخ 02/10 | E12: 0.15 | F12: اقتبس SKU بعينه وسعره المؤرخ من واجهتهم هم (سلوك مشترٍ محترف مشروع تمامًا) واطلب قائمة الرسوم الحالية | G12: فروق جوهرية متكررة >20% بلا إشعار = خطر تشغيلي يُوثَّق ويُرفع وزن ProdSeller
B13: canboso/HitMeow | C13: S-B4 | D13: يعرضون وكالة/متجرًا أبيض (منصة كاملة مثل منصة سوكبيت) | E13: 0.1 | F13: استقبل العرض ووثّقه — ورقة مقارنة مباشرة ضد عرض سوكبيت المحتمل (S-A3): العمولات · التملك · الخروج | G13: التزام واحد فقط: لا عقود حصرية مع أي منصة في مرحلة الافتتاح
B14: canboso/HitMeow | C14: S-B5 | D14: لا سياسة استبدال/ضمان واضحة | E14: 0.05 | F14: اشترط سياسة مكتوبة قبل أول إيداع (نافذة استبدال بالساعات لكل عائلة) | G14: صفر ضمان = عتبة انسحاب للعائلات عالية النفوق (Plus VIP تحديدًا)
B15: teamsoclo | C15: S-C1 | D15: القناة توجه للبوابة وبرنامج Reseller (المعلن موجه للمتاجر «các shop») | E15: 0.4 | F15: قدّم عبر أدمن القناة/البوابة بإنجليزية مبسطة (نص T8 جاهز) — عرّف نفسك كمشغّل متجر يبحث عن توريد مباشر | G15: لا مسار تطبيق واضح خلال أسبوع = تأجيل وبقاء الوسيط ProdSeller للعائلة
B16: teamsoclo | C16: S-C2 | D16: اشتراط رصيد مسبق كبير لتفعيل حساب الموزع | E16: 0.3 | F16: ابدأ بأصغر رصيد مقبول واختبر 1–2 موديل فقط (عائلة Codex الأصغر) قبل أي التزام | G16: حد أول: $50–100 كحد أقصى لاختبار البوابة (ضمن ميزانية W3)
... B34: عام (أي طرف) | C34: S-X3 | D34: الطرف يكتشف نشاط الاستخبارات (تسريب بين الأطراف المتشابكة) | E34: 0.05 | F34: كل الأطراف تعرف المستخدم كعميل API لديها فقط — وهذا صحيح وموثق؛ عمق المعرفة البنيوية (vhost/ObjectId) لا يظهر في أي تفاعل تفاوضي | G34: سؤال مباشر عن stackvault أو البنية = إنهاء المحادثة بهدوء وتجميد الطرف 30 يومًا
B36: قاعدة الاحتمالات: مجموع احتمالات كل طرف = 100% (فحص حي بورقة المراجعة) — الاحتمالات مبنية على السلوك الموثق (إعلانات القنوات · بنية اللوحات · أنماط الردود) وتُحدَّث بعد كل تفاعل.

Sheet الطرق_والقنوات
B2: الطرق المتعددة لكل طرف — لا تُفتح كل الطرق مع طرف واحد دفعة واحدة
B3: ابدأ بالقناة الأدنى كلفة والتزامًا واصعد تدريجيًا — كل تصعيد يُوثَّق في السجل
B4: الطريقة | C4: الوصف | D4: الأنسب لـ | E4: الكلفة | F4: قاعدة الاستخدام
B5: M1 رسالة المالك/الأدمن المباشرة | C5: مراسلة صاحب القرار شخصيًا (تيليجرام أو واتساب) برسالة قصيرة احترافية | D5: سوكبيت (@sookbit/واتساب +33) · HitMeow (@vahnix) · AISUBSID (@AisubsIDFounder) | E5: صفر | F5: رسالة واحدة قصيرة — لا إلحاح قبل 72 ساعة؛ لا تكشف عمق معرفتك بالطرف
B6: M2 تذاكر/دعم عبر API | C6: فتح تذكرة دعم عبر القناة الموثقة (cgpt-active تدعم دورة تذاكر كاملة) أو دعم البوت الرسمي | D6: RichAIStore (تذاكر API) · canboso (@HitmeowSupport) · DigitalCore (@DGTsupply) | E6: صفر | F6: الميزة: أثر ورقي مؤرخ جاهز للاقتباس — انقل كل اتفاق شفهي إلى تذكرة مكتوبة فورًا
B7: M3 الاستعلام الحجمي المكتوب | C7: طلب تسعيرة لكميات محددة بعائلات وأرقام واضحة (SKU + كمية + هدف سعر) | D7: كل الأطراف — الطريقة الافتتاحية الافتراضية لموجة W1 | E7: صفر | F7: أرقام متحفظة قابلة للتصديق (30–200 وحدة/شهر)؛ اذكر أنك تقارن عدة موردين — حقيقي ويوازن العلاقة
B8: M4 الشراء الاختباري (G-7) | C8: أول معاملة فعلية صغيرة موثقة: إيصال + تسليم + قياس جودة وبقاء | D8: DigitalCore · canboso · AISUBSID (عينة 5 حسابات) ثم ProdSeller (إيداع بفاتورة) | E8: $10–50 لكل طرف | F8: بوابة المستخدم قبل كل دفعة؛ الإيصال نفسه استخبارات: يكشف سكة الدفع وربما الهوية القانونية (يغلق G-1a)
B9: M5 الشراكة التشغيلية/التكامل | C9: التموضع كمشغّل متجر آلي بتكامل API يبحث عن توريد مستقر طويل الأمد | D9: RichAIStore (يتسوقون تكامل الوكلاء) · سوكبيت (عرض متجر جاهز محتمل) · teamsoclo (برنامج موزعين) | E9: صفر | F9: يتطلب تثبيت التموضع في W0 — لا يُستخدم قبل استقرار قرار الهوية التجارية

Sheet أوراق_الضغط
B2: أوراق الضغط السعرية — كل رقم موثق بمصدره
B3: المرجعية: كتالوج StackVault الموحد (تكلفة 356 منتجًا بالأرشيف) + إعلانات القنوات المؤرخة + قراءات API المباشرة
B4: العائلة | C4: تكلفة StackVault الموثقة | D4: القاع البديل الموثق | E4: نقطة الارتكاز في التفاوض | F4: المصدر
B5: ChatGPT Plus (شهر، ضمان كامل) | C5: $10.67–11.05 (UPI/Apple Pay) | D5: AISUBSID جملة 10–50: $2.50 · فلاش: $2.80 · HitMeow VIP: $10.77 | E5: اطلب من ProdSeller تسعيرًا مفصولًا بالطريقة (UPI مقابل ضمان كامل) — الفارق الموثق يقارب 4× | F5: أرشيف SV + قناة AISUBSID 27–28/09 + قناة HitMeow 25/09
B6: ChatGPT Plus K12 (سنتان) | C6: $4.62 | D6: API سوكبيت معلن: $3.80 (−18%) · HitMeow: $4.58 | E6: مطالبة فورية بمطابقة $3.80 المعلنة رسميًا في قناته — ورقة مكتوبة بيده | F6: أرشيف SV + قناة ProdSellerOfficial 20/09 + HitMeow 28/09
B7: Office 365 Plus (سنة) | C7: $0.21 | D7: جملة سوكبيت معلنة: $0.17 (−19%) · AIVerseX: $0.29 | E7: مطابقة $0.17 المعلنة «جملة» — منشورة بقناته | F7: أرشيف SV + قناة ProdSellerOfficial 19/09 + AiVerseXHub 26/09
B8: Gemini Pro 18 شهرًا | C8: ≈$0.39–0.55 (خط ps_ الحي) | D8: API سوكبيت: $0.50 · فلاش AIVerseX: $0.39 · AISUBSID: $0.45–0.55 · DigitalCore: $0.70–0.80 | E8: اطلب ≤$0.45 مثبتًا 30 يومًا عند حجم أسبوعي — أربع بدائل موثقة تجعل الطلب واقعيًا | F8: هوامش ps_ الحية + قناتا AiVerseXHub وAISUBSID + تدرجات DigitalCore API
B9: رصيد Codex/AI (عبر البوابة) | C9: هامش وسيط 15–25% فوق المصنع | D9: بوابة teamsoclo مباشرة: gpt-5.6-sol بـ$6 · gpt-6-astra بـ$60 · gpt-astra بـ$75/150 | E9: حساب موزع مباشر على البوابة يقطع الهامش — أغلى عائلات المتجر (23 منتجًا) | F9: قائمة أسعار البوابة الحية (15 موديلًا) + مصفوفة 29/09
B10: Duolingo Super (12 شهرًا) | C10: $0.15–0.23 (الجديد) | D10: DigitalCore شرائح: $0.55/0.50/0.45 · API سوكبيت: $0.55 | E10: $0.45 عند 25+ وحدة — شريحة منشورة رقميًا لدى DigitalCore | F10: أرشيف SV + تدرجات DigitalCore API + قناة ProdSellerOfficial 19/09
B11: Canva Pro | C11: $0.60 (سنتان) | D11: قناة سوكبيت (فلاشات متكررة أقل من 0.60) | E11: راقب فلاشات القناة قبل أي طلبية — لا تلتزم بسعر قائمة | F11: أرشيف SV + رصد القنوات
B12: CapCut Pro (شهر) | C12: $1.25 | D12: مرجع تاريخي فقط: سوكبيت باع CapCut 1M بـ$0.8 (PlayerUp 09/2025) | E12: سعر المنبع الفعلي أقل من 1.25 بوضوح تاريخيًا — اطلب تسعيرة جملة صريحة | F12: أرشيف SV + إعلان PlayerUp مفهرس (دليل G-1a/D5)
B13: Adobe Express | C13: $0.50 (خط mr_) | D13: AIVerseX: $0.40 (كريبتو، −20%) | E13: حوّل العائلة لـAIVerseX أو استخدم سعره ورقة ضغط على مصادر mr_ | F13: AiVerseXHub 26/09 + أرشيف SV
B14: Gmail (حسابات مستقرة) | C14: غير معزولة بالأرشيف | D14: سوكبيت: $0.80 رابط / $0.75 API / $0.60 جملة (معنون رسميًا) | E14: $0.60 جملة معلن — مطاببة مباشرة | F14: قناة ProdSellerOfficial 19/09
B15: Deepseek API | C15: أغلى عبر cb_ | D15: canboso أرخص 1.6–1.7× (الاستثناء الموثق الوحيد) | E15: وجّه هذه العائلة تحديدًا لـcanboso أياً كانت نتائج باقي التفاوض | F15: مقارنة cb_∩canboso (R3/P3a — 111 زوجًا)
B17: قاعدة صارمة: هذه الأسعار إعلانية/قراءة API بتواريخها — التحقق النهائي بمعاملة (G-7). نسبة cb_/canboso الوسيطة 0.912 (p25 0.764 · p75 1.066) مرجع فحص أي «تسعيرة جملة» يدّعيها أي طرف.

Sheet خطة_الموجات
B2: خطة الموجات التنفيذية — التدرج بدل الفتح الشامل
B3: كل موجة تنتهي ببوابة قرار للمستخدم قبل التصعيد — لا انتقال تلقائي بين الموجات
B4: الموجة | C4: التوقيت | D4: الإجراءات | E4: الميزانية المقترحة | F4: مخرج النجاح | G4: البوابة (قرار المستخدم)
B5: W0 التجهيز | C5: اليوم 0 | D5: تثبيت التموضع التجاري والهوية · إقرار سلّم الميزانية · فحص حي لبوت AISUBSID بعد هجرة النطاقات (G-6) · لقطة أسعار حية للعائلات الإحدى عشرة | E5: $0 | F5: قرارات مثبتة + حالة AISUBSID محسومة | G5: موافقة على التموضع + السقف المالي
B6: W1 القنوات الموثقة | C6: يوم 1–3 | D6: تذكرة RichAI (تحسين your_unit_price) · استعلام تدرجات DigitalCore · استعلام canboso عبر الدعم/المالك · عرض تثبيت سعر لـAIVerseX — كلها M2/M3 بالحسابات القائمة | E6: $0 (اختبارات شراء اختيارية $60–110) | F6: 4 جداول أسعار/سياسات مكتوبة تُقيَّم ضد أوراق الضغط | G6: موافقة قبل أي إيداع اختباري
B7: W2 الجائزة الاستراتيجية | C7: يوم 3–7 | D7: رسالة مباشرة لسوكبيت (عربي ثم فرنسي عند الحاجة) بصفة عميل API حالي · طلب الجدول المخفي كاملًا · ربط الفجوات المعلنة (K12/Office/Gmail) · استقبال عرض المتجر الجاهز إن طُرح (S-A3) ووثّقه | E7: $30–50 (إيداع اختباري اختياري بفاتورة) | F7: جدول أسعار مكتوب + إيصال يكشف سكة الدفع (G-1a قانونيًا) | G7: موافقة على نص الرسالة + الهوية + مبلغ الإيداع
B8: W3 التعاقد المنبع | C8: أسبوع 2+ | D8: تقديم موزع لبوابة teamsoclo (إنجليزية مبسطة/مترجم) · جملة AISUBSID بعد العينة · وكالة aivaulthub (Gemini) · جولة ثانية بالجداول المجمعة مع كل طرف ناجح | E8: $75–125 (رصيد بوابة + عينة جملة) | F8: عقد منبع واحد مباشر (بوابة أو مزرعة) يعمل فعليًا | G8: ميزانية الجملة + قرار أولوية العائلات
B9: حملة الافتتاح — الإجمالي | C9: أسبوعان | D9: المجموع الكلي بكل الاختيارات | E9: ≤ $300 | F9: شبكة توريد من 3 أطراف فعالة على الأقل بأسعار ≤ تكلفة StackVault الموثقة | G9: مراجعة الحملة وقرار التوسع

Sheet النصوص_الجاهزة
B2: النصوص الافتتاحية الجاهزة للنسخ — بلسان كل طرف
B3: نسخ موجهة: عربي لسوكبيت · إنجليزي لمنصات VN والإندونيسيين — النص الكامل مع المتغيرات في دليل الحملة (docx)
B4: الرمز | C4: الطرف / القناة | D4: اللغة | E4: النص الجاهز (انسخ واستبدل المتغيرات)
B5: T1 | C5: سوكبيت — تيليجرام @sookbit أو واتساب +33 | D5: عربي | E5: السلام عليكم، معك أحمد — عميل API عندكم عبر بوت ProdSeller. أجهّز إطلاق متجر اشتراكات رقمية وسأبدأ بحجم شهري ثابت على عائلات ChatGPT وGemini وOffice. شفت بالقناة أسعار API المعلنة (مثل K12 بـ3.80 والـOffice جملة بـ0.17). ممكن الجدول الكامل لأسعار API/الجملة؟ وبحسب الحجم الشهري، ما أفضل تدرج تقدرون تعطونه؟
B6: T2 | C6: سوكبيت — واتساب +33 (بديل فرنسي) | D6: فرنسي | E6: Bonjour, client API de ProdSellerBot ici. Je prépare le lancement d'une boutique d'abonnements numériques avec un volume mensuel fixe (ChatGPT, Gemini, Office). Pourriez-vous m'envoyer la grille tarifaire API/grossiste complète, ainsi que vos paliers selon le volume ? Merci.
B7: T3 | C7: HitMeow/canboso — الدعم @HitmeowSupport أو المالك @vahnix | D7: إنجليزي | E7: Hello! I run a PremiKey API account (ready to top up via Binance Pay). I'm launching a subscription store and need volume pricing for: ChatGPT Plus VIP (monthly, warranty), K12 2yr, and Deepseek API credits. Could you share your quantity tier table and replacement policy? Starting around 30-50 units/month, scaling up.
B8: T4 | C8: DigitalCore — بوت @DCoreStoreBot أو @DGTsupply | D8: إنجليزي | E8: Hello, I've reviewed your API docs (digitalcore.top/docs) and the published tier pricing. I'm preparing a subscription store launch. Two questions: (1) do you offer a tier above the published bands for 100+ units (e.g., Gemini 18M, Duolingo, Coursera)? (2) what are your replacement terms for a first test order?
B9: T5 | C9: RichAIStore — تذكرة عبر API أو بوت @RichAIStoreBot | D9: إنجليزي | E9: Hi, I'm an API reseller integrating your Reseller API v1.0.0 into an automated store. My monthly volume on CDK products (Google 5TB family) is growing. Could we review my current unit prices against a 100/500-unit tier? Happy to commit to a monthly minimum for better rates.
B10: T6 | C10: AIVerseX — بوت @AIVerseXBot | D10: إنجليزي | E10: Hello, I buy Gemini Pro 18M regularly (your flash price is competitive). Instead of catching flashes, I'd like a fixed 30-day wholesale price for a weekly volume of 30-50 units. Do you offer volume contracts? Also interested in Office 365 and Adobe Express at scale.
B11: T7 | C11: AISUBSID — المالك @AisubsIDFounder | D11: إنجليزي | E11: Hello, I saw your channel announcement about the domain migration. I'm preparing a bulk purchase of ChatGPT Plus (10-50 units to start, growing monthly). Your bulk price was $2.50 - is it still valid post-migration? Also: are these UPI or VIP method accounts? I test survival rates before committing.
B12: T8 | C12: teamsoclo — أدمن القناة/البوابة | D12: إنجليزي مبسط | E12: Hello, I operate a subscription store and buy AI credit products (Codex family) through a reseller. I'm interested in a direct reseller account on your gateway (gpt.teamsoclo.site). Could you share the reseller requirements, the current rate card for the 15 models, and your replacement policy for downtime?
B13: T9 | C13: aivaulthub reseller — بوت @Gemini_Shop_Robot | D13: إنجليزي | E13: Hello, I have a reseller API account and I'm scaling Gemini Pro 18M sales. Could you share your current reseller rate card for the Gemini family, and any volume tiers above the standard reseller price?
B15: متغيرات قبل الإرسال: الأرقام الشهرية (30–200 وحدة) — ثبّتها في W0 ولا تغيّرها بين الأطراف (الاتساق يقي من التناقض). القاعدة الحاكمة: لا ذكر لأي معرفة بنيوية (خوادم/بصمات/علاقة stackvault) في أي نص.

Sheet المراجعة
B2: المراجعة — فحوص اتساق حية
B3: تُحدَّث تلقائيًا عند إعادة الحساب — أي فشل يعني خللًا في البناء
B4: الفحص | C4: المتوقع | D4: الفعلي (معادلة حية) | E4: الحالة
B5: عدد أطراف التفاوض الفعليين | C5: 8 | D5: =COUNTA(أطراف_التفاوض!B5:B12) -> 8 | E5: =IF(C5=D5,"مطابق","فشل") -> مطابق
B6: عدد الكيانات المستبعدة | C6: 4 | D6: =COUNTA(أطراف_التفاوض!B15:B18) -> 4 | E6: =IF(C6=D6,"مطابق","فشل") -> مطابق
B7: عدد السيناريوهات المدروسة | C7: 30 | D7: =COUNTA(السيناريوهات!B5:B34) -> 30 | E7: =IF(C7=D7,"مطابق","فشل") -> مطابق
B8: عدد الطرق | C8: 5 | D8: =COUNTA(الطرق_والقنوات!B5:B9) -> 5 | E8: =IF(C8=D8,"مطابق","فشل") -> مطابق
B9: عدد أوراق الضغط | C9: 11 | D9: =COUNTA(أوراق_الضغط!B5:B15) -> 11 | E9: =IF(C9=D9,"مطابق","فشل") -> مطابق
B10: عدد صفوف خطة الموجات | C10: 5 | D10: =COUNTA(خطة_الموجات!B5:B9) -> 5 | E10: =IF(C10=D10,"مطابق","فشل") -> مطابق
B11: عدد النصوص الجاهزة | C11: 9 | D11: =COUNTA(النصوص_الجاهزة!B5:B13) -> 9 | E11: =IF(C11=D11,"مطابق","فشل") -> مطابق
B12: مجموع احتمالات سوكبيت (S-A) = 100% | C12: 1 | D12: =SUM(السيناريوهات!E5:E9) -> 1 | E12: =IF(ABS(C12-D12)<0.001,"مطابق","فشل") -> مطابق
B13: مجموع احتمالات HitMeow (S-B) = 100% | C13: 1 | D13: =SUM(السيناريوهات!E10:E14) -> 1 | E13: =IF(ABS(C13-D13)<0.001,"مطابق","فشل") -> مطابق
B14: مجموع احتمالات teamsoclo (S-C) = 100% | C14: 1 | D14: =SUM(السيناريوهات!E15:E18) -> 1 | E14: =IF(ABS(C14-D14)<0.001,"مطابق","فشل") -> مطابق
B15: مجموع احتمالات DigitalCore (S-D) = 100% | C15: 1 | D15: =SUM(السيناريوهات!E19:E21) -> 1 | E15: =IF(ABS(C15-D15)<0.001,"مطابق","فشل") -> مطابق
B16: مجموع احتمالات RichAI (S-E) = 100% | C16: 1 | D16: =SUM(السيناريوهات!E22:E24) -> 1 | E16: =IF(ABS(C16-D16)<0.001,"مطابق","فشل") -> مطابق
B17: مجموع احتمالات AIVerseX (S-F) = 100% | C17: 1 | D17: =SUM(السيناريوهات!E25:E28) -> 1 | E17: =IF(ABS(C17-D17)<0.001,"مطابق","فشل") -> مطابق
B18: مجموع احتمالات AISUBSID (S-G) = 100% | C18: 1 | D18: =SUM(السيناريوهات!E29:E31) -> 1 | E18: =IF(ABS(C18-D18)<0.001,"مطابق","فشل") -> مطابق
B20: الفحوص الحية تُقيَّم عند فتح الملف أو إعادة الحساب — نتائج التحقق الآلي (recalc/audit/scan/validate) مرفقة بتقرير الجولة في worklog.
